{
  "users": [
    {
      "id": 7,
      "name": "Kurtis Weissnat",
      "username": "Elwyn.Skiles",
      "email": "Telly.Hoeger@billy.biz",
      "street": "Rex Trail",
      "suite": "Suite 280",
      "city": "Howemouth",
      "zipcode": "58804-1099",
      "phone": "210.067.6132",
      "website": "elvis.io",
      "company": "Johns Group"
    },
    {
      "id": 9,
      "name": "Glenna Reichert",
      "username": "Delphine",
      "email": "Chaim_McDermott@dana.io",
      "street": "Dayna Park",
      "suite": "Suite 449",
      "city": "Bartholomebury",
      "zipcode": "76495-3109",
      "phone": "(775)976-6794 x41206",
      "website": "conrad.com",
      "company": "Yost and Sons"
    },
    {
      "name": "baliram",
      "username": "baliramkamble",
      "email": "balram.kamble@gmail.com",
      "street": "Hinjewadi",
      "suite": "Hinjewadi",
      "city": "Pune",
      "zipcode": "411000",
      "phone": "9999999999",
      "website": "bmkindia.co.in",
      "company": "bmkindia",
      "id": 10
    },
    {
      "name": "Leanne Graham",
      "username": "Bret",
      "email": "Sincere@april.biz",
      "street": "Kulas Light",
      "suite": "Apt. 556",
      "city": "Gwenborough",
      "zipcode": "92998-3874",
      "phone": "1-770-736-8031 x56442",
      "website": "hildegard.org",
      "company": "Romaguera-Crona",
      "id": 11
    },
    {
      "name": "Ervin Howell",
      "username": "Ervin Howell",
      "email": "Shanna@melissa.tv",
      "street": "Victor Plains",
      "suite": "Suite 879",
      "city": "Wisokyburgh",
      "zipcode": "0566-7771",
      "phone": "010-692-6593 x09125",
      "website": "anastasia.net",
      "company": "Deckow-Crist",
      "id": 12
    },
    {
      "name": "bmk",
      "username": "bmk",
      "email": "bmk@gmail.com",
      "street": "sfs",
      "suite": "sfsfs",
      "city": "sfsf",
      "zipcode": "sfs",
      "phone": "sfs",
      "website": "sfs",
      "company": "sfs",
      "id": 13
    },
    {
      "name": "latest update10",
      "username": "latest update10",
      "email": "latestupdated@gmail.com",
      "street": "ssfs",
      "suite": ",,,,kkkkk",
      "city": "kkkkkkkkkkkkkk",
      "zipcode": "nnnnnnnn",
      "phone": "nnnnnnnnn",
      "website": "n",
      "company": "nnnnnnnnnn",
      "id": 14
    }
  ],
  "employee": [
    {
      "id": 1,
      "ename": "API_Baliram Kamble",
      "egender": "Male",
      "designation": "Developer",
      "esalary": 150000,
      "eskills": [
        "Angular",
        "React"
      ]
    },
    {
      "id": 2,
      "ename": "API_Aradhya",
      "egender": "Female",
      "designation": "Developer",
      "esalary": 200000,
      "eskills": [
        "Angular",
        "React"
      ]
    },
    {
      "id": 3,
      "ename": "API_Soham",
      "egender": "Male",
      "designation": "Developer",
      "esalary": 250000,
      "eskills": [
        "Java",
        "React"
      ]
    }
  ]
}